{"_default": {"1": {"correction": [0.9966998249292374, 0.06706934422254562, 0.06575613468885422, 1.0166048221290112], "i_offset": -0.0074005126953125, "q_offset": 0.008941650390625, "lo_frequency": 5900000000.0, "if_frequency": -157000000.0, "temperature": {"temp": 58.25, "errors": []}, "mixer_id": "octave_octave1_1", "optimizer_parameters": {"average_iterations": 100, "iterations": 10000, "calibration_offset_frequency": 7000000.0, "keep_on": false}}, "2": {"correction": [0.9923491440713406, 0.03316182270646095, 0.03254824876785278, 1.0110560692846775], "i_offset": -0.0074462890625, "q_offset": 0.009033203125, "lo_frequency": 5900000000.0, "if_frequency": 136800000.0, "temperature": {"temp": 58.1875, "errors": []}, "mixer_id": "octave_octave1_1", "optimizer_parameters": {"average_iterations": 100, "iterations": 10000, "calibration_offset_frequency": 7000000.0, "keep_on": false}}}}