{"_default": {"1": {"correction": [1.0789089314639568, -0.13434219360351562, -0.14752578735351562, 0.9824925884604454], "i_offset": 0.02001953125, "q_offset": -0.001953125, "lo_frequency": 5900000000.0, "if_frequency": -157000000.0, "temperature": 58.0625, "mixer_id": "octave_octave1_1", "optimizer_parameters": {"average_iterations": 100, "iterations": 10000, "calibration_offset_frequency": 7000000.0, "keep_on": false}}, "2": {"correction": [1.096462655812502, -0.1716594696044922, -0.1885051727294922, 0.9984776265919209], "i_offset": 0.02001953125, "q_offset": -0.001953125, "lo_frequency": 5900000000.0, "if_frequency": 136800000.0, "temperature": 58.0, "mixer_id": "octave_octave1_1", "optimizer_parameters": {"average_iterations": 100, "iterations": 10000, "calibration_offset_frequency": 7000000.0, "keep_on": false}}, "3": {"correction": [1.139035176485777, 0.16698597371578217, 0.19680260121822357, 0.9664653651416302], "i_offset": 0.00537109375, "q_offset": 0.0085906982421875, "lo_frequency": 3670000000.0, "if_frequency": -346063000.0, "temperature": 57.0, "mixer_id": "octave_octave1_2", "optimizer_parameters": {"average_iterations": 100, "iterations": 10000, "calibration_offset_frequency": 7000000.0, "keep_on": false}}, "4": {"correction": [1.0509245730936527, 0.1871345043182373, 0.1878669261932373, 1.0468274168670177], "i_offset": 0.00574493408203125, "q_offset": 0.011199951171875, "lo_frequency": 3670000000.0, "if_frequency": 471832000.0, "temperature": 51.6875, "mixer_id": "octave_octave1_3", "optimizer_parameters": {"average_iterations": 100, "iterations": 10000, "calibration_offset_frequency": 7000000.0, "keep_on": false}}, "5": {"correction": [1.0455858372151852, -0.090911865234375, -0.096771240234375, 0.9822769500315189], "i_offset": 0.1201171875, "q_offset": 0.08203125, "lo_frequency": 5900000000.0, "if_frequency": -157100000.0, "temperature": 52.5, "mixer_id": "octave_octave1_1", "optimizer_parameters": {"average_iterations": 100, "iterations": 10000, "calibration_offset_frequency": 7000000.0, "keep_on": false}}, "6": {"correction": [1.0058116912841797, -0.0625, -0.0625, 1.0058116912841797], "i_offset": 0.1250019073486328, "q_offset": 0.08203125, "lo_frequency": 5900000000.0, "if_frequency": 136710000.0, "temperature": 52.5, "mixer_id": "octave_octave1_1", "optimizer_parameters": {"average_iterations": 100, "iterations": 10000, "calibration_offset_frequency": 7000000.0, "keep_on": false}}, "7": {"correction": [1.127538651227951, -0.1143798828125, -0.1378173828125, 0.935787171125412], "i_offset": 0.1298828125, "q_offset": 0.078125, "lo_frequency": 5900000000.0, "if_frequency": -38800000.0, "temperature": 52.5, "mixer_id": "octave_octave1_1", "optimizer_parameters": {"average_iterations": 100, "iterations": 10000, "calibration_offset_frequency": 7000000.0, "keep_on": false}}, "8": {"correction": [1.06640625, 0.0, 0.0, 0.94140625], "i_offset": 0.130859375, "q_offset": 0.07421875, "lo_frequency": 5900000000.0, "if_frequency": 229500000.0, "temperature": 52.5, "mixer_id": "octave_octave1_1", "optimizer_parameters": {"average_iterations": 100, "iterations": 10000, "calibration_offset_frequency": 7000000.0, "keep_on": false}}, "9": {"correction": [1.055631846189499, -0.1212158203125, -0.1290283203125, 0.9917146861553192], "i_offset": 0.12109375, "q_offset": 0.078125, "lo_frequency": 5900000000.0, "if_frequency": 36100000.0, "temperature": 52.5625, "mixer_id": "octave_octave1_1", "optimizer_parameters": {"average_iterations": 100, "iterations": 10000, "calibration_offset_frequency": 7000000.0, "keep_on": false}}, "10": {"correction": [1.0032808110117912, -0.046875, -0.046875, 1.0032808110117912], "i_offset": 0.10546875, "q_offset": 0.08984375, "lo_frequency": 5950000000.0, "if_frequency": -157100000.0, "temperature": 52.5, "mixer_id": "octave_octave1_1", "optimizer_parameters": {"average_iterations": 100, "iterations": 10000, "calibration_offset_frequency": 7000000.0, "keep_on": false}}, "11": {"correction": [0.9697265625, 0.0, 0.0, 1.0322265625], "i_offset": 0.119140625, "q_offset": 0.08203125, "lo_frequency": 5950000000.0, "if_frequency": 136710000.0, "temperature": 52.5625, "mixer_id": "octave_octave1_1", "optimizer_parameters": {"average_iterations": 100, "iterations": 10000, "calibration_offset_frequency": 7000000.0, "keep_on": false}}, "12": {"correction": [1.055631846189499, -0.1212158203125, -0.1290283203125, 0.9917146861553192], "i_offset": 0.103515625, "q_offset": 0.095703125, "lo_frequency": 5950000000.0, "if_frequency": -38800000.0, "temperature": 52.5, "mixer_id": "octave_octave1_1", "optimizer_parameters": {"average_iterations": 100, "iterations": 10000, "calibration_offset_frequency": 7000000.0, "keep_on": false}}, "13": {"correction": [1.0322265625, 0.0, 0.0, 0.9697265625], "i_offset": 0.11328125, "q_offset": 0.078125, "lo_frequency": 5950000000.0, "if_frequency": 229500000.0, "temperature": 52.5625, "mixer_id": "octave_octave1_1", "optimizer_parameters": {"average_iterations": 100, "iterations": 10000, "calibration_offset_frequency": 7000000.0, "keep_on": false}}, "14": {"correction": [1.0455858372151852, -0.090911865234375, -0.096771240234375, 0.9822769500315189], "i_offset": 0.12109375, "q_offset": 0.08349609375, "lo_frequency": 5950000000.0, "if_frequency": 36100000.0, "temperature": 52.5625, "mixer_id": "octave_octave1_1", "optimizer_parameters": {"average_iterations": 100, "iterations": 10000, "calibration_offset_frequency": 7000000.0, "keep_on": false}}, "15": {"correction": [0.9697265625, 0.0, 0.0, 1.0322265625], "i_offset": 0.1240234375, "q_offset": 0.0839996337890625, "lo_frequency": 5960000000.0, "if_frequency": -157100000.0, "temperature": 52.4375, "mixer_id": "octave_octave1_1", "optimizer_parameters": {"average_iterations": 100, "iterations": 10000, "calibration_offset_frequency": 7000000.0, "keep_on": false}}, "16": {"correction": [1.0337355360388756, -0.030303955078125, -0.032257080078125, 0.9711441695690155], "i_offset": 0.12109375, "q_offset": 0.0859375, "lo_frequency": 5960000000.0, "if_frequency": 136710000.0, "temperature": 52.5, "mixer_id": "octave_octave1_1", "optimizer_parameters": {"average_iterations": 100, "iterations": 10000, "calibration_offset_frequency": 7000000.0, "keep_on": false}}, "17": {"correction": [1.1564223431050777, -0.17156982421875, -0.20672607421875, 0.9597588442265987], "i_offset": 0.11328125, "q_offset": 0.08203125, "lo_frequency": 5960000000.0, "if_frequency": -38800000.0, "temperature": 52.5, "mixer_id": "octave_octave1_1", "optimizer_parameters": {"average_iterations": 100, "iterations": 10000, "calibration_offset_frequency": 7000000.0, "keep_on": false}}, "18": {"correction": [1.0322265625, 0.0, 0.0, 0.9697265625], "i_offset": 0.126953125, "q_offset": 0.0830078125, "lo_frequency": 5960000000.0, "if_frequency": 229500000.0, "temperature": 52.5, "mixer_id": "octave_octave1_1", "optimizer_parameters": {"average_iterations": 100, "iterations": 10000, "calibration_offset_frequency": 7000000.0, "keep_on": false}}, "19": {"correction": [1.090586543083191, -0.11767578125, -0.13330078125, 0.9627522230148315], "i_offset": 0.1224365234375, "q_offset": 0.08203125, "lo_frequency": 5960000000.0, "if_frequency": 36100000.0, "temperature": 52.5, "mixer_id": "octave_octave1_1", "optimizer_parameters": {"average_iterations": 100, "iterations": 10000, "calibration_offset_frequency": 7000000.0, "keep_on": false}}}}