{"_default": {"1": {"correction": [1.0789089314639568, -0.13434219360351562, -0.14752578735351562, 0.9824925884604454], "i_offset": 0.02001953125, "q_offset": -0.001953125, "lo_frequency": 5900000000.0, "if_frequency": -157000000.0, "temperature": 58.0625, "mixer_id": "octave_octave1_1", "optimizer_parameters": {"average_iterations": 100, "iterations": 10000, "calibration_offset_frequency": 7000000.0, "keep_on": false}}, "2": {"correction": [1.096462655812502, -0.1716594696044922, -0.1885051727294922, 0.9984776265919209], "i_offset": 0.02001953125, "q_offset": -0.001953125, "lo_frequency": 5900000000.0, "if_frequency": 136800000.0, "temperature": 58.0, "mixer_id": "octave_octave1_1", "optimizer_parameters": {"average_iterations": 100, "iterations": 10000, "calibration_offset_frequency": 7000000.0, "keep_on": false}}, "3": {"correction": [1.139035176485777, 0.16698597371578217, 0.19680260121822357, 0.9664653651416302], "i_offset": 0.00537109375, "q_offset": 0.0085906982421875, "lo_frequency": 3670000000.0, "if_frequency": -346063000.0, "temperature": 57.0, "mixer_id": "octave_octave1_2", "optimizer_parameters": {"average_iterations": 100, "iterations": 10000, "calibration_offset_frequency": 7000000.0, "keep_on": false}}, "4": {"correction": [1.0509245730936527, 0.1871345043182373, 0.1878669261932373, 1.0468274168670177], "i_offset": 0.00574493408203125, "q_offset": 0.011199951171875, "lo_frequency": 3670000000.0, "if_frequency": 471832000.0, "temperature": 51.6875, "mixer_id": "octave_octave1_3", "optimizer_parameters": {"average_iterations": 100, "iterations": 10000, "calibration_offset_frequency": 7000000.0, "keep_on": false}}}}